applicant_id,age,income,loan_amount,credit_score,employment_status,approved
A1000,56,7012.59,6810.58,562,student,0
A1001,46,3846.22,-5105.84,653,self-employed,1
A1002,32,6671.38,14807.4,600,unemployed,0
A1003,60,2740.59,27405.76,561,self-employed,0
A1004,25,6059.61,26628.81,634,unemployed,0
A1005,38,7883.14,11800.33,628,student,1
A1006,56,56.71,10784.52,819,student,0
A1007,36,3406.21,18281.42,680,self-employed,1
A1008,40,6154.14,8011.3,553,unemployed,0
A1009,28,4593.91,17112.54,610,self-employed,1
A1010,28,5742.29,20362.56,721,employed,1
A1011,41,3792.03,23588.53,796,employed,0
A1012,53,5173.18,14298.92,538,employed,1
A1013,57,4688.65,13574.28,518,employed,1
A1014,41,7335.56,8854.12,780,self-employed,1
A1015,20,5508.84,9211.84,677,employed,1
A1016,39,5675.21,13414.65,589,unemployed,0
A1017,19,4176.25,17571.56,687,student,1
A1018,41,4024.79,21395.09,465,student,0
A1019,61,4134.88,9377.75,650,employed,1
A1020,47,5788.9,25448.82,672,employed,1
A1021,55,4158.03,13102.13,714,employed,1
A1022,19,5579.55,14850.43,579,self-employed,1
A1023,38,9150.8,9769.52,655,student,1
A1024,50,6742.25,-1969.68,585,employed,1
A1025,29,4347.95,21188.32,667,unemployed,0
A1026,39,7402.43,20157.91,587,employed,0
A1027,61,4183.85,13030.71,621,student,1
A1028,42,923.75,15468.94,580,employed,0
A1029,44,2983.83,18611.57,695,student,0
A1030,59,1258.42,4062.18,710,employed,1
A1031,45,4296.97,11296.63,633,unemployed,1
A1032,33,5036.84,20559.85,652,employed,1
A1033,32,8352.87,6219.97,548,unemployed,0
A1034,64,5653.85,17054.91,629,unemployed,1
A1035,61,4561.8,5503.93,646,employed,1
A1036,20,6658.81,18265.01,833,unemployed,1
A1037,54,577.73,14750.51,572,self-employed,0
A1038,24,5471.23,3694.08,752,employed,1
A1039,38,6541.73,23153.18,719,employed,1
A1040,26,2042.83,9857.86,669,unemployed,0
A1041,56,7287.51,9328.23,773,unemployed,1
A1042,35,5676.99,16403.98,676,employed,1
A1043,21,4169.42,23040.46,677,self-employed,1
A1044,42,6265.56,7889.25,646,unemployed,1
A1045,31,9541.39,15431.76,735,unemployed,1
A1046,26,5363.73,18001.72,726,student,1
A1047,43,5496.44,19851.74,606,self-employed,1
A1048,19,4081.28,16235.09,557,self-employed,1
A1049,37,3300.31,12430.81,635,employed,1
A1050,45,6660.67,9206.87,593,self-employed,1
A1051,64,3287.83,15603.01,645,employed,1
A1052,24,5143.13,7495.03,736,student,1
A1053,61,4044.69,-5449.45,617,self-employed,1
A1054,25,5957.96,18055.92,647,unemployed,1
A1055,64,5667.32,21327.54,654,student,0
A1056,52,7075.08,-1540.53,709,employed,1
A1057,31,3979.97,7931.89,492,student,0
A1058,34,4460.25,19334.08,607,employed,1
A1059,53,3042.47,29402.47,664,student,0
A1060,57,4111.41,15145.56,734,employed,1
A1061,21,5754.6,9903.98,615,self-employed,1
A1062,19,6513.98,13719.72,518,unemployed,0
A1063,23,3155.67,24624.13,693,employed,0
A1064,59,6739.21,10478.25,605,student,1
A1065,21,7711.28,9405.66,566,employed,1
A1066,46,5826.87,11620.8,606,employed,1
A1067,35,8753.59,8326.7,637,employed,1
A1068,43,3452.42,15858.69,607,student,0
A1069,61,2510.69,26372.75,495,unemployed,0
A1070,51,1442.56,17261.55,712,self-employed,1
A1071,27,7992.09,13233.53,739,unemployed,1
A1072,53,6308.73,12957.32,695,employed,1
A1073,31,4888.83,4057.66,570,student,0
A1074,48,5559.94,21181.77,635,unemployed,0
A1075,32,2749.02,14455.14,649,employed,1
A1076,25,9891.5,13736.64,691,self-employed,1
A1077,31,5258.44,37351.75,696,self-employed,1
A1078,40,5218.79,17091.27,598,self-employed,1
A1079,57,6451.53,9737.46,655,employed,1
A1080,38,5962.02,12015.5,682,student,1
A1081,33,5447.77,23039.12,751,unemployed,0
A1082,62,3419.05,15792.89,699,self-employed,1
A1083,35,5942.94,4932.05,705,employed,1
A1084,64,8764.05,21434.6,655,employed,1
A1085,41,7690.84,10322.99,748,unemployed,1
A1086,43,8186.37,28113.08,678,self-employed,1
A1087,42,3977.57,22560.34,589,employed,0
A1088,62,3020.79,11868.75,748,unemployed,0
A1089,58,4748.43,23967.11,698,student,0
A1090,46,5111.45,15474.99,618,student,1
A1091,32,7188.38,20969.42,616,student,0
A1092,62,1615.07,18393.13,670,self-employed,1
A1093,18,8059.1,9075.5,682,unemployed,1
A1094,42,4683.98,10495.15,663,unemployed,1
A1095,24,4146.24,22209.73,671,employed,1
A1096,26,2975.79,12656.57,768,employed,1
A1097,41,1690.29,12174.46,725,employed,1
A1098,18,6646.34,8314.14,663,unemployed,1
A1099,61,5146.64,17965.19,715,employed,1
A1100,25,2420.08,29437.67,577,unemployed,0
A1101,41,2409.84,7527.27,677,unemployed,0
A1102,28,4328.43,15169.54,776,student,1
A1103,34,8338.04,24885.54,634,employed,1
A1104,25,4480.82,14442.51,590,student,0
A1105,52,1993.71,18166.6,604,self-employed,1
A1106,52,4508.51,7563.25,573,self-employed,1
A1107,50,4454.55,17998.15,595,self-employed,1
A1108,22,-393.77,13689.99,624,unemployed,0
A1109,59,4891.41,21900.11,551,unemployed,0
A1110,56,4538.13,23311.7,651,unemployed,0
A1111,58,6392.41,33126.95,713,employed,1
A1112,45,8697.91,19057.43,586,student,0
A1113,24,7253.13,17280.57,756,unemployed,1
A1114,26,4462.22,16360.69,685,student,1
A1115,25,2786.95,12527.84,722,student,0
A1116,29,10146.72,17369.39,603,student,1
A1117,51,5118.44,12932.19,709,employed,1
A1118,50,5027.86,16179.23,573,employed,1
A1119,40,4951.75,24223.18,712,self-employed,1
A1120,41,5396.17,7954.2,662,self-employed,1
A1121,54,4711.28,22979.15,688,student,0
A1122,52,3852.68,24219.81,567,self-employed,0
A1123,61,3906.28,14173.52,587,student,0
A1124,57,4934.49,147.02,691,employed,1
A1125,39,3913.15,10745.25,583,employed,0
A1126,44,3574.31,24078.96,682,employed,0
A1127,52,5212.86,14839.92,554,unemployed,0
A1128,18,4490.05,8004.88,709,student,1
A1129,52,8007.99,11466.58,563,employed,1
A1130,54,-301.94,20884.34,688,student,0
A1131,64,7183.01,18827.13,693,self-employed,1
A1132,31,7492.17,13327.48,601,self-employed,1
A1133,20,853.22,12432.23,690,employed,1
A1134,18,4314.62,12257.69,668,student,1
A1135,22,4257.12,8543.13,612,employed,1
A1136,43,2184.98,26307.63,579,self-employed,0
A1137,31,3444.37,12743.76,512,employed,0
A1138,56,2778.85,23520.11,674,student,0
A1139,44,8504.54,25649.21,540,self-employed,0
A1140,26,6871.36,21988.18,656,unemployed,0
A1141,32,7543.11,11978.66,631,self-employed,1
A1142,32,6443.34,17826.11,697,unemployed,1
A1143,43,2741.9,14830.63,628,employed,1
A1144,59,3950.96,8674.09,626,employed,1
A1145,30,5978.75,17270.51,701,student,1
A1146,49,2555.74,6746.72,673,unemployed,0
A1147,56,6426.0,23313.76,672,employed,1
A1148,49,4519.35,11747.68,682,unemployed,1
A1149,21,4250.36,16408.12,542,employed,1
A1150,47,6421.92,16983.02,702,self-employed,1
A1151,54,5888.53,13187.67,692,employed,1
A1152,40,4278.07,19106.86,578,student,0
A1153,56,7318.66,11675.67,632,self-employed,1
A1154,62,2837.87,21099.08,647,student,0
A1155,32,6231.87,5578.14,640,self-employed,1
A1156,60,6186.2,15884.66,673,unemployed,1
A1157,46,4380.91,28572.5,750,student,0
A1158,53,5652.27,7997.68,725,employed,1
A1159,30,2497.77,10255.79,558,unemployed,0
A1160,49,6848.05,18597.35,693,employed,1
A1161,24,4630.2,16257.07,743,self-employed,1
A1162,39,3954.55,17454.41,677,self-employed,1
A1163,45,7098.02,18424.31,726,employed,1
A1164,19,3591.31,19443.05,790,employed,1
A1165,59,2183.08,22767.9,721,unemployed,0
A1166,62,1886.74,17868.73,667,employed,1
A1167,23,6212.02,13311.2,723,student,1
A1168,45,2439.14,19708.02,660,student,0
A1169,45,8509.59,28299.17,651,employed,1
A1170,61,836.14,14071.56,625,student,0
A1171,61,8392.91,8178.29,759,employed,1
A1172,37,5422.03,22749.56,592,unemployed,0
A1173,47,4806.57,14157.33,757,student,1
A1174,28,3910.16,-208.69,684,student,0
A1175,45,5798.27,20931.95,552,employed,0
A1176,42,4924.73,11252.7,675,student,1
A1177,56,7206.6,14366.27,502,self-employed,1
A1178,50,5228.46,17323.86,693,unemployed,1
A1179,18,5300.6,16333.5,711,unemployed,1
A1180,44,4272.78,19966.16,608,student,1
A1181,30,4886.11,11951.6,658,student,1
A1182,58,5615.6,18591.74,786,self-employed,1
A1183,20,1579.66,13183.17,614,self-employed,1
A1184,56,2303.63,20171.67,575,student,0
A1185,23,6486.53,19307.57,753,student,1
A1186,25,5341.73,8451.93,787,self-employed,1
A1187,44,4632.03,22601.87,650,employed,1
A1188,26,5036.87,11248.26,720,self-employed,1
A1189,54,5695.16,20656.4,743,employed,1
A1190,50,3920.48,17571.01,598,unemployed,0
A1191,59,3443.39,27867.29,616,unemployed,0
A1192,61,5391.69,13435.74,736,self-employed,1
A1193,41,3043.25,12554.78,767,employed,1
A1194,32,5816.51,14864.06,689,self-employed,1
A1195,49,1594.83,12877.74,588,self-employed,0
A1196,49,7058.31,20599.59,789,employed,1
A1197,41,5945.19,3685.83,612,self-employed,1
A1198,58,5512.06,7624.22,626,unemployed,1
A1199,29,6965.38,7525.38,673,student,1
A1200,56,8330.95,21652.15,758,student,0
A1201,19,7028.74,26974.29,709,self-employed,1
A1202,20,1318.25,14268.86,679,employed,1
A1203,54,2440.85,13818.25,682,employed,1
A1204,34,3750.36,15490.37,653,unemployed,0
A1205,19,5052.18,23133.15,689,employed,1
A1206,19,6035.32,8508.53,472,employed,1
A1207,45,3548.51,16668.58,629,unemployed,0
A1208,40,5373.53,21826.38,666,self-employed,1
A1209,54,3489.23,18507.66,569,student,0
A1210,49,3776.96,16327.07,677,unemployed,0
A1211,50,2186.68,22007.32,635,self-employed,0
A1212,18,3153.53,-3922.63,772,unemployed,0
A1213,36,2296.63,19745.13,760,self-employed,1
A1214,19,3048.25,10421.47,617,unemployed,0
A1215,61,7107.28,2185.57,639,self-employed,1
A1216,43,3101.2,18578.42,644,unemployed,0
A1217,49,10264.76,24615.61,618,self-employed,1
A1218,23,5986.64,14037.86,663,unemployed,1
A1219,49,5369.67,21670.12,596,student,0
A1220,21,3283.28,26285.95,570,student,0
A1221,28,6400.62,24204.4,693,employed,1
A1222,34,3848.72,26479.75,694,self-employed,0
A1223,55,5244.02,20194.89,593,unemployed,0
A1224,41,10120.17,15528.04,712,self-employed,1
A1225,22,4807.88,3786.24,605,student,1
A1226,51,7298.55,13277.56,667,self-employed,1
A1227,23,3593.65,9097.27,707,unemployed,0
A1228,39,4930.02,30196.6,647,self-employed,1
A1229,28,8541.6,13768.8,681,unemployed,1
A1230,33,3746.07,15862.43,613,student,0
A1231,50,8624.9,18860.4,636,student,1
A1232,26,6415.5,15305.22,635,student,1
A1233,23,3875.07,26865.36,597,employed,0
A1234,33,6264.82,10641.45,637,student,1
A1235,46,6945.11,16362.25,541,self-employed,1
A1236,20,6243.62,9802.71,615,employed,1
A1237,37,1859.55,5759.84,630,student,0
A1238,53,3545.73,10717.62,632,self-employed,1
A1239,36,4504.96,14740.74,633,self-employed,1
A1240,43,4851.13,11994.88,645,self-employed,1
A1241,20,6241.34,10153.05,683,unemployed,1
A1242,36,5355.4,5155.78,711,employed,1
A1243,37,2329.31,14418.26,604,self-employed,1
A1244,49,5760.4,4466.96,565,unemployed,0
A1245,24,6221.17,20320.39,577,student,0
A1246,58,6119.58,15577.08,615,self-employed,1
A1247,50,7161.56,4797.14,625,unemployed,1
A1248,57,6667.84,12835.54,596,self-employed,1
A1249,56,5918.36,9734.91,559,employed,1
A1250,35,4859.67,17234.22,618,employed,1
A1251,57,1678.08,24383.15,662,student,0
A1252,18,5859.24,1873.79,691,self-employed,1
A1253,28,5415.38,15805.18,610,unemployed,1
A1254,45,5543.16,13879.07,621,student,1
A1255,42,2446.5,19699.38,585,self-employed,0
A1256,40,2837.89,16492.38,647,student,0
A1257,48,7106.31,9736.21,590,unemployed,0
A1258,47,4920.89,12766.62,690,student,1
A1259,59,6363.0,9427.82,524,student,0
A1260,52,5056.64,22532.05,624,student,0
A1261,24,5059.51,15149.18,671,self-employed,1
A1262,33,6876.57,28308.33,662,unemployed,0
A1263,43,3967.91,14575.37,838,employed,1
A1264,19,5192.24,10041.15,674,self-employed,1
A1265,18,4075.45,4404.0,579,employed,1
A1266,29,4131.01,2378.02,643,employed,1
A1267,22,4381.66,3911.05,525,self-employed,1
A1268,54,5444.27,16869.89,644,self-employed,1
A1269,49,4042.5,18561.08,591,unemployed,0
A1270,26,7511.51,3931.67,714,unemployed,1
A1271,58,3210.79,21265.27,611,student,0
A1272,52,4626.26,11618.57,641,employed,1
A1273,36,4120.54,16027.55,605,unemployed,1
A1274,33,7893.96,26285.54,771,student,0
A1275,20,5393.11,21277.88,627,unemployed,0
A1276,37,7063.69,13120.29,778,self-employed,1
A1277,41,2028.88,8761.65,706,unemployed,0
A1278,50,5534.1,-62.71,683,employed,1
A1279,41,6779.26,9965.93,675,unemployed,1
A1280,28,5164.57,13522.09,677,employed,1
A1281,25,7130.96,8089.74,515,self-employed,1
A1282,53,3965.42,14081.2,630,employed,1
A1283,55,7818.69,15537.96,709,unemployed,1
A1284,57,9597.8,13426.01,646,student,1
A1285,37,4274.32,10449.98,551,self-employed,1
A1286,52,4108.99,16180.58,646,unemployed,1
A1287,42,7906.77,18093.58,769,self-employed,1
A1288,52,8159.14,7367.21,737,self-employed,1
A1289,42,3954.28,24876.53,645,unemployed,0
A1290,46,4159.63,14309.88,716,unemployed,1
A1291,35,4436.43,15131.95,624,student,1
A1292,63,2311.1,19957.5,530,self-employed,0
A1293,35,3162.7,16632.51,585,self-employed,0
A1294,19,2991.72,21671.96,759,unemployed,0
A1295,52,3464.4,17009.87,630,employed,1
A1296,33,4930.63,10712.94,632,unemployed,1
A1297,58,5468.43,17530.52,629,self-employed,1
A1298,53,8101.0,6993.92,783,unemployed,1
A1299,50,3003.29,15759.92,763,student,0
A1300,21,6968.64,14767.39,805,employed,1
A1301,50,4572.02,13543.18,638,unemployed,1
A1302,31,4901.07,14100.24,670,student,1
A1303,38,6349.64,1827.06,543,self-employed,1
A1304,37,2754.56,11158.93,753,unemployed,0
A1305,25,5764.82,15649.91,568,self-employed,1
A1306,24,5332.9,16118.99,665,student,1
A1307,20,5984.9,7806.27,573,self-employed,1
A1308,34,5578.34,23859.95,608,student,0
A1309,50,9910.6,8936.78,591,student,0
A1310,29,3724.52,21786.2,607,student,0
A1311,39,3938.01,17990.36,612,unemployed,0
A1312,39,3753.72,10476.41,611,self-employed,1
A1313,63,3889.05,27427.18,708,self-employed,0
A1314,47,3725.23,6644.54,572,employed,0
A1315,55,7378.03,21434.08,665,employed,1
A1316,55,7841.01,22004.08,735,employed,1
A1317,62,3858.51,10305.66,614,employed,1
A1318,25,3335.29,24747.26,599,self-employed,0
A1319,44,5942.83,13249.67,633,student,1
A1320,44,3895.55,17020.86,732,student,0
A1321,51,6265.86,16822.25,663,unemployed,1
A1322,38,5405.85,14059.84,612,student,1
A1323,47,1968.51,20675.66,683,self-employed,0
A1324,50,8095.01,20554.42,572,self-employed,0
A1325,45,8591.76,2760.28,697,self-employed,1
A1326,64,3774.42,24130.38,678,unemployed,0
A1327,50,4224.6,3362.56,628,employed,1
A1328,22,5571.73,22227.82,591,student,0
A1329,36,5668.91,22886.94,587,self-employed,0
A1330,21,6317.09,7363.23,687,self-employed,1
A1331,52,9020.41,12124.3,736,employed,1
A1332,34,4646.11,7260.07,605,self-employed,1
A1333,61,3403.41,13495.55,682,student,0
A1334,45,2241.36,12843.76,503,unemployed,0
A1335,47,3538.14,20457.62,609,self-employed,0
A1336,46,4933.75,24172.16,647,student,0
A1337,63,8589.12,24769.79,586,self-employed,0
A1338,23,3964.78,11064.82,584,employed,0
A1339,52,5447.58,13535.45,603,self-employed,1
A1340,58,4967.15,3215.93,670,self-employed,1
A1341,54,7376.79,9358.91,636,unemployed,1
A1342,41,10053.86,21753.96,493,employed,0
A1343,46,3938.26,26309.08,501,employed,0
A1344,63,4021.12,6359.56,607,unemployed,1
A1345,48,7088.32,10852.75,682,self-employed,1
A1346,52,6363.78,14815.16,457,student,0
A1347,50,8693.41,16961.13,615,employed,1
A1348,38,6167.86,9332.78,613,employed,1
A1349,49,4281.42,17968.43,747,self-employed,1
A1350,40,6181.31,11683.12,623,self-employed,1
A1351,50,7217.41,14898.83,676,employed,1
A1352,20,6640.96,18823.99,659,self-employed,1
A1353,35,6014.55,15044.96,500,student,0
A1354,42,7133.35,11945.3,703,employed,1
A1355,59,7338.59,14232.73,665,student,1
A1356,48,7764.32,14381.46,685,student,1
A1357,20,6297.42,12409.92,850,self-employed,1
A1358,57,4665.76,13188.43,504,student,0
A1359,63,5293.43,26190.53,770,self-employed,1
A1360,41,7413.02,18926.44,629,unemployed,1
A1361,49,3366.13,12931.64,670,self-employed,1
A1362,64,5737.35,19878.68,646,student,1
A1363,39,4213.32,12663.26,620,unemployed,1
A1364,40,5057.49,23211.87,610,self-employed,1
A1365,19,7556.9,17587.5,673,student,1
A1366,44,5382.2,14248.88,543,employed,1
A1367,59,5092.87,18134.02,702,employed,1
A1368,19,2280.29,4003.87,620,self-employed,1
A1369,43,6492.51,7112.63,570,self-employed,1
A1370,34,6290.97,6642.52,618,employed,1
A1371,57,9326.51,16000.6,738,student,1
A1372,50,4384.44,27127.6,612,student,0
A1373,26,5438.3,30619.1,675,student,0
A1374,60,5498.77,19466.36,598,self-employed,1
A1375,56,8154.91,18505.91,703,unemployed,1
A1376,46,4809.41,2392.6,697,unemployed,1
A1377,59,5558.04,11201.28,779,unemployed,1
A1378,43,6215.79,9485.51,637,unemployed,1
A1379,52,5373.22,10654.07,696,unemployed,1
A1380,42,4107.13,13822.99,656,self-employed,1
A1381,41,5388.18,11695.37,740,self-employed,1
A1382,30,7147.26,1144.9,599,unemployed,0
A1383,24,2946.97,20235.37,702,self-employed,0
A1384,53,5265.94,7490.8,636,self-employed,1
A1385,62,3599.76,16674.73,645,unemployed,0
A1386,37,7390.09,29518.58,656,student,0
A1387,18,1953.63,8564.31,667,self-employed,1
A1388,25,3882.16,-2712.01,641,student,0
A1389,63,5754.42,12997.97,665,self-employed,1
A1390,33,8131.05,22706.72,760,self-employed,1
A1391,31,4868.5,28708.43,718,unemployed,0
A1392,29,3889.6,6393.15,710,self-employed,1
A1393,40,8762.31,18476.89,618,employed,1
A1394,32,2103.97,11742.83,587,employed,0
A1395,45,602.39,14258.36,716,unemployed,0
A1396,51,5880.03,33510.4,711,student,0
A1397,19,3995.89,4479.21,753,student,0
A1398,49,2957.53,16776.18,607,student,0
A1399,40,6416.71,18273.85,633,employed,1
A1400,39,5487.6,22600.5,535,student,0
A1401,42,3871.84,15685.88,622,student,0
A1402,39,2439.39,17156.35,719,unemployed,0
A1403,39,6744.91,12258.46,617,student,1
A1404,59,6300.4,16883.89,694,employed,1
A1405,23,4801.65,12597.65,636,employed,1
A1406,32,8693.27,19351.0,672,employed,1
A1407,60,2859.83,12412.73,569,unemployed,0
A1408,54,1948.95,17639.7,655,unemployed,0
A1409,50,3616.18,14795.16,440,self-employed,0
A1410,25,4908.83,22882.35,636,student,0
A1411,61,5486.68,14640.24,535,unemployed,0
A1412,61,4517.53,2588.77,734,employed,1
A1413,22,5704.11,23833.45,704,employed,1
A1414,56,2496.92,8659.87,682,unemployed,0
A1415,21,7887.53,10423.64,756,unemployed,1
A1416,23,4835.7,10830.37,583,unemployed,0
A1417,62,7234.59,24621.07,772,self-employed,1
A1418,49,5685.45,50.28,715,employed,1
A1419,47,5913.51,36964.24,633,self-employed,1
A1420,64,6139.53,22392.4,729,self-employed,1
A1421,52,5895.42,16562.67,572,student,0
A1422,57,6285.45,14615.74,592,employed,1
A1423,33,7658.31,16998.88,607,employed,1
A1424,30,5393.04,18647.86,612,unemployed,1
A1425,59,6418.01,19516.51,576,unemployed,0
A1426,47,4820.53,18889.23,735,student,1
A1427,36,7880.23,15627.06,631,self-employed,1
A1428,34,3647.22,13618.63,674,unemployed,0
A1429,36,8601.88,13941.09,610,unemployed,1
A1430,45,4919.68,13635.64,522,employed,1
A1431,43,2138.45,22936.39,668,employed,0
A1432,54,5256.21,19154.9,516,unemployed,0
A1433,43,3637.9,-5582.72,645,employed,1
A1434,40,6681.29,19591.31,554,student,0
A1435,26,3694.75,16363.15,789,unemployed,0
A1436,29,4107.63,14869.04,713,employed,1
A1437,18,1220.92,12280.37,657,student,0
A1438,18,4095.39,22868.79,738,employed,1
A1439,64,152.24,21632.69,590,employed,0
A1440,51,1832.19,9589.86,688,employed,1
A1441,49,6520.83,17849.37,663,unemployed,1
A1442,42,6571.6,8198.4,668,self-employed,1
A1443,57,5850.92,5342.67,739,employed,1
A1444,62,3066.05,10612.98,701,student,0
A1445,18,4904.58,21036.75,670,unemployed,0
A1446,33,4992.79,21671.88,534,unemployed,0
A1447,56,2683.27,18591.6,582,student,0
A1448,22,8006.8,20075.67,641,employed,1
A1449,39,6754.72,18613.25,656,self-employed,1
A1450,46,4558.07,10509.63,570,employed,1
A1451,20,5053.77,18023.46,818,student,1
A1452,29,5416.77,20602.87,756,unemployed,0
A1453,43,916.53,20280.04,692,self-employed,0
A1454,33,4505.65,23322.39,655,unemployed,0
A1455,54,3636.03,19958.13,635,student,0
A1456,39,2996.76,17460.14,583,employed,0
A1457,46,4437.8,22491.05,655,self-employed,1
A1458,31,8595.37,14814.35,668,unemployed,1
A1459,45,6281.69,8826.88,563,unemployed,0
A1460,22,3857.64,13858.53,673,unemployed,0
A1461,64,6145.17,9785.68,639,employed,1
A1462,47,7798.71,10273.75,516,self-employed,1
A1463,63,6849.27,13988.37,589,employed,1
A1464,22,5119.26,9453.06,621,employed,1
A1465,29,3706.13,12844.27,782,employed,1
A1466,33,6396.45,1744.7,688,student,1
A1467,43,5786.97,16493.06,556,student,0
A1468,43,6790.39,15008.44,684,student,1
A1469,38,6270.34,9280.38,541,self-employed,1
A1470,56,7099.11,19614.72,725,employed,1
A1471,53,3929.53,21562.99,617,employed,0
A1472,50,7634.79,3747.08,643,student,1
A1473,47,5395.2,9660.93,742,employed,1
A1474,54,9150.52,9616.0,559,employed,1
A1475,40,3621.62,8420.68,552,unemployed,0
A1476,27,8471.93,20806.32,609,employed,1
A1477,22,5395.82,13643.22,722,unemployed,1
A1478,53,3697.16,13148.4,543,employed,0
A1479,51,4032.23,972.96,451,self-employed,1
A1480,48,4359.31,19447.93,618,student,1
A1481,27,5848.33,6325.19,688,unemployed,1
A1482,36,6045.67,15419.53,734,student,1
A1483,49,3852.6,16941.64,617,unemployed,0
A1484,18,4951.29,24524.61,621,unemployed,0
A1485,22,9284.54,5838.26,730,unemployed,1
A1486,62,8455.09,-6136.59,519,self-employed,1
A1487,21,5872.65,16286.95,622,employed,1
A1488,33,5076.01,27603.58,663,unemployed,0
A1489,41,5240.06,23672.62,681,self-employed,1
A1490,33,6227.04,16467.62,614,unemployed,1
A1491,19,2954.41,11558.55,652,employed,1
A1492,45,4485.25,20649.86,475,unemployed,0
A1493,49,1662.83,8185.18,603,self-employed,1
A1494,44,5798.45,18334.5,681,employed,1
A1495,37,6294.39,18538.29,581,self-employed,1
A1496,41,4033.63,22421.47,654,employed,1
A1497,29,8147.97,34317.62,681,employed,1
A1498,52,2548.47,17746.91,626,student,0
A1499,50,2071.25,11437.25,661,student,0
A1500,50,5448.9,14820.98,582,student,0
A1501,60,7094.2,2616.47,635,employed,1
A1502,54,8367.86,10137.01,692,unemployed,1
A1503,29,4082.23,12135.02,660,self-employed,1
A1504,20,7157.36,11331.38,608,self-employed,1
A1505,18,4922.98,16066.48,665,self-employed,1
A1506,50,4654.75,9243.06,700,student,1
A1507,57,6767.32,22847.21,506,employed,0
A1508,27,6304.65,15001.45,731,student,1
A1509,60,1847.22,14934.9,626,unemployed,0
A1510,61,7953.08,12704.74,679,employed,1
A1511,46,7760.18,16086.33,733,self-employed,1
A1512,30,3748.87,20775.69,553,student,0
A1513,29,5791.61,8930.09,600,student,0
A1514,48,5988.06,10393.18,629,unemployed,1
A1515,63,5521.35,12873.92,595,unemployed,0
A1516,19,3899.39,5578.9,771,student,0
A1517,52,3656.75,9265.19,590,unemployed,0
A1518,40,4948.89,11666.45,611,self-employed,1
A1519,34,7345.46,21120.72,664,unemployed,0
A1520,43,6087.2,16837.93,565,unemployed,0
A1521,25,4258.77,16355.13,622,student,1
A1522,46,6543.4,20956.29,672,student,0
A1523,43,-697.09,14038.4,626,employed,1
A1524,27,7297.53,17733.25,643,employed,1
A1525,43,1520.57,14277.45,612,student,0
A1526,51,4275.12,16857.54,543,unemployed,0
A1527,58,2760.66,10920.69,672,unemployed,0
A1528,24,2410.64,-2071.72,772,employed,1
A1529,21,7321.65,14060.05,651,employed,1
A1530,62,4064.6,24959.24,665,employed,1
A1531,28,5693.01,21483.51,698,self-employed,1
A1532,46,4906.16,21757.78,561,self-employed,0
A1533,53,5954.08,23652.92,769,employed,1
A1534,42,5153.64,15620.6,664,unemployed,1
A1535,38,2434.02,16381.21,764,employed,1
A1536,53,6992.53,10676.44,598,self-employed,1
A1537,27,4012.49,12787.49,777,unemployed,1
A1538,54,1886.84,19310.4,704,self-employed,1
A1539,26,4143.77,23427.19,688,unemployed,0
A1540,41,8001.52,14023.88,666,self-employed,1
A1541,52,6700.44,11848.68,632,unemployed,1
A1542,52,4302.7,15003.7,734,unemployed,1
A1543,53,4301.48,19208.45,659,unemployed,1
A1544,35,4356.73,4893.02,512,unemployed,0
A1545,56,9153.5,-1073.27,571,student,0
A1546,49,5763.87,11146.24,636,self-employed,1
A1547,41,5860.08,6455.01,671,self-employed,1
A1548,40,7060.57,11443.02,646,student,1
A1549,49,5477.58,13965.54,735,unemployed,1
A1550,54,4481.92,11827.26,513,unemployed,0
A1551,29,4607.3,25167.27,660,self-employed,1
A1552,30,4856.8,17287.21,522,student,0
A1553,40,4925.56,17103.32,703,unemployed,1
A1554,42,6455.26,19355.45,643,unemployed,1
A1555,52,5103.89,7028.17,679,unemployed,1
A1556,58,6465.28,22273.78,589,employed,0
A1557,47,4838.57,14469.65,739,student,1
A1558,34,5157.27,19693.36,722,unemployed,1
A1559,37,1003.6,7497.0,690,employed,1
A1560,42,6832.66,4123.69,640,student,1
A1561,39,5692.98,20725.23,690,unemployed,0
A1562,30,6996.02,17634.87,600,self-employed,1
A1563,36,-792.51,8685.64,709,employed,1
A1564,53,9176.75,8912.36,765,employed,1
A1565,29,4720.82,22878.04,724,unemployed,0
A1566,58,7216.37,6674.12,598,unemployed,0
A1567,36,2920.19,26498.71,675,employed,0
A1568,29,6225.55,8695.65,559,self-employed,1
A1569,26,2893.17,19468.74,690,self-employed,1
A1570,24,3752.46,12699.67,681,student,0
A1571,45,8828.06,19222.31,519,unemployed,0
A1572,31,4618.64,11191.2,568,self-employed,1
A1573,48,5434.87,13860.45,630,student,1
A1574,36,6740.14,15286.43,628,self-employed,1
A1575,64,5991.36,7984.69,565,unemployed,0
A1576,33,5300.84,20185.77,677,student,0
A1577,22,5729.92,11407.51,667,student,1
A1578,52,9806.83,13399.8,636,student,1
A1579,29,4884.76,8039.55,597,self-employed,1
A1580,42,5402.2,-2936.34,723,unemployed,1
A1581,38,7101.31,13662.81,765,student,1
A1582,53,7211.05,31888.31,616,employed,1
A1583,40,7374.06,20492.23,607,unemployed,0
A1584,33,6277.46,14865.18,684,employed,1
A1585,56,2713.99,13159.76,624,employed,1
A1586,62,8266.86,15157.26,640,student,1
A1587,59,2707.31,18829.83,701,student,0
A1588,56,5605.27,6734.31,516,self-employed,1
A1589,31,3491.45,22800.25,742,self-employed,0
A1590,48,4871.72,20007.67,655,self-employed,1
A1591,22,5657.52,20027.3,621,unemployed,0
A1592,52,5642.71,18069.33,643,self-employed,1
A1593,40,5843.84,15137.32,647,employed,1
A1594,46,8227.42,19710.03,528,self-employed,1
A1595,60,5907.07,19142.7,754,student,1
A1596,28,4511.69,12521.72,652,self-employed,1
A1597,35,6928.17,10984.79,681,unemployed,1
A1598,64,7378.94,15712.99,716,unemployed,1
A1599,29,2544.78,25843.14,578,employed,0
A1600,26,6194.8,6326.25,683,unemployed,1
A1601,27,6402.35,4727.32,631,self-employed,1
A1602,61,4404.87,16153.33,709,student,1
A1603,34,7751.41,15356.21,501,unemployed,0
A1604,55,4699.89,16213.39,643,employed,1
A1605,24,5251.15,16707.67,607,self-employed,1
A1606,63,4653.86,13437.58,680,employed,1
A1607,30,5031.16,25429.04,682,unemployed,0
A1608,57,2807.45,3793.67,600,unemployed,0
A1609,59,2119.9,9200.52,600,employed,0
A1610,26,8189.01,14277.22,642,self-employed,1
A1611,44,3306.08,3497.68,587,unemployed,0
A1612,19,3017.22,13769.02,708,student,0
A1613,22,693.22,26630.29,624,unemployed,0
A1614,46,3722.08,15146.21,446,self-employed,0
A1615,54,2353.82,16614.91,623,unemployed,0
A1616,55,8284.03,6178.85,577,employed,1
A1617,36,7019.63,10685.47,535,unemployed,0
A1618,25,3623.7,12373.63,563,unemployed,0
A1619,62,9504.87,12775.99,657,self-employed,1
A1620,18,6963.53,23971.51,743,employed,1
A1621,39,4350.34,18903.84,671,self-employed,1
A1622,34,1.19,7219.79,607,unemployed,0
A1623,24,9581.89,16725.53,681,student,1
A1624,42,2220.86,18487.55,617,unemployed,0
A1625,62,1709.2,22981.04,601,self-employed,0
A1626,21,7045.14,26063.78,569,student,0
A1627,53,9879.5,7894.34,527,self-employed,1
A1628,23,7768.55,9324.0,622,self-employed,1
A1629,48,6127.82,6196.95,661,employed,1
A1630,36,6189.51,13361.86,643,student,1
A1631,61,6706.83,18264.51,620,unemployed,1
A1632,56,6517.86,21911.34,583,self-employed,0
A1633,44,5562.38,14468.34,692,unemployed,1
A1634,27,5208.4,12761.07,557,employed,1
A1635,43,4874.81,16062.31,704,employed,1
A1636,36,3492.07,9154.0,579,student,0
A1637,56,4438.65,29626.77,597,employed,0
A1638,20,1614.09,3746.37,547,employed,0
A1639,62,4803.32,16293.18,614,unemployed,1
A1640,30,3022.82,29165.24,718,employed,0
A1641,45,2792.82,15047.6,686,employed,1
A1642,37,5359.79,13669.73,718,self-employed,1
A1643,45,7784.0,12497.88,686,employed,1
A1644,25,6836.63,13737.26,572,self-employed,1
A1645,58,1859.0,24609.94,626,employed,0
A1646,56,3020.74,-483.03,595,employed,0
A1647,18,6881.54,25734.04,743,student,0
A1648,20,3035.03,5032.3,566,student,0
A1649,30,4550.73,13133.43,712,self-employed,1
A1650,45,6100.1,11995.29,712,employed,1
A1651,42,3063.31,19119.87,778,unemployed,0
A1652,50,5210.75,3813.13,621,student,1
A1653,55,2331.95,18235.21,699,unemployed,0
A1654,23,3797.26,29170.17,809,student,0
A1655,61,5639.56,5457.78,606,student,1
A1656,62,1814.01,16327.94,542,employed,0
A1657,49,5880.95,10366.12,518,student,0
A1658,62,4960.72,17981.21,699,unemployed,1
A1659,64,6104.98,15134.03,518,student,0
A1660,38,5447.83,10509.59,623,self-employed,1
A1661,33,7728.28,18415.11,680,employed,1
A1662,38,5250.45,27630.44,662,employed,1
A1663,28,4141.19,13663.67,679,self-employed,1
A1664,54,5244.6,20038.31,665,self-employed,1
A1665,53,6086.6,5947.09,739,self-employed,1
A1666,52,5097.72,8304.95,583,student,0
A1667,36,5081.18,18306.84,602,employed,1
A1668,37,3596.02,25388.81,595,self-employed,0
A1669,35,3674.2,17489.29,708,student,0
A1670,64,2194.79,12808.59,713,self-employed,1
A1671,58,8499.15,14995.04,681,unemployed,1
A1672,31,2512.27,6247.15,732,unemployed,0
A1673,32,3614.19,19231.61,567,employed,0
A1674,48,3563.19,21176.33,766,student,0
A1675,18,6789.85,11835.37,756,unemployed,1
A1676,20,4410.1,11709.7,701,unemployed,1
A1677,33,7495.48,16861.15,774,student,1
A1678,40,3653.02,11942.96,534,self-employed,0
A1679,28,5557.99,14537.07,613,student,1
A1680,29,3329.31,29698.05,598,self-employed,0
A1681,27,9290.3,13270.82,700,unemployed,1
A1682,49,2624.8,12491.62,576,unemployed,0
A1683,33,5619.64,10467.21,703,unemployed,1
A1684,25,6267.55,20209.34,745,employed,1
A1685,55,5827.6,13731.43,698,employed,1
A1686,29,4629.42,10454.39,669,employed,1
A1687,41,4740.36,24249.13,580,student,0
A1688,45,5087.62,24937.22,590,unemployed,0
A1689,25,4706.0,10797.04,737,unemployed,1
A1690,45,6927.76,1934.22,704,student,1
A1691,53,9421.05,22052.6,647,employed,1
A1692,43,3885.02,10207.59,620,student,0
A1693,25,2260.39,20534.38,508,employed,0
A1694,45,4823.44,1209.27,575,unemployed,0
A1695,45,10159.42,21248.18,783,self-employed,1
A1696,54,3392.65,6521.8,560,employed,0
A1697,58,8278.23,20115.35,663,unemployed,0
A1698,53,8355.4,15099.91,720,unemployed,1
A1699,44,3892.82,8322.42,562,self-employed,0
A1700,34,6137.97,12150.75,662,unemployed,1
A1701,26,8256.79,19804.23,715,unemployed,1
A1702,50,4241.74,15741.26,650,employed,1
A1703,37,4592.84,19090.89,850,employed,1
A1704,30,3836.64,28835.08,533,self-employed,0
A1705,45,2970.49,4050.31,724,self-employed,1
A1706,46,3701.44,26320.49,637,unemployed,0
A1707,30,2552.12,15730.49,704,employed,1
A1708,63,5068.17,8708.51,680,self-employed,1
A1709,52,3460.05,5687.8,598,self-employed,0
A1710,23,5467.57,13676.16,666,student,1
A1711,35,1888.21,21451.55,519,self-employed,0
A1712,22,5661.76,14107.16,692,unemployed,1
A1713,64,6667.06,25578.08,670,employed,1
A1714,42,1012.53,4841.77,694,self-employed,1
A1715,19,5748.11,14915.38,724,student,1
A1716,27,7455.34,6233.25,675,employed,1
A1717,47,2580.72,17545.42,660,self-employed,1
A1718,62,8345.14,21208.21,588,student,0
A1719,22,5838.04,12054.67,600,self-employed,1
A1720,50,3589.98,-3229.5,733,employed,1
A1721,18,4888.46,16392.64,750,employed,1
A1722,35,6116.65,18057.17,633,employed,1
A1723,49,5152.01,17830.06,653,unemployed,1
A1724,64,6077.51,23650.48,586,self-employed,0
A1725,28,3158.65,7502.62,732,unemployed,0
A1726,38,5338.72,19761.51,696,employed,1
A1727,43,2172.57,23347.55,785,student,0
A1728,42,4777.55,2549.89,588,self-employed,1
A1729,39,3192.18,17237.56,623,unemployed,0
A1730,44,3528.94,11470.74,666,self-employed,1
A1731,30,7472.19,14429.34,695,student,1
A1732,50,7182.62,17433.74,634,unemployed,1
A1733,51,6218.28,11589.4,588,employed,1
A1734,58,2815.37,10270.04,711,unemployed,0
A1735,52,4367.18,15239.07,700,self-employed,1
A1736,18,7426.2,7389.28,585,self-employed,1
A1737,38,5283.43,7399.22,744,self-employed,1
A1738,23,9638.66,19755.61,731,self-employed,1
A1739,45,5786.64,6958.44,659,employed,1
A1740,34,5384.1,19664.19,655,unemployed,1
A1741,22,4381.77,18238.14,688,employed,1
A1742,48,5267.08,2919.35,589,employed,1
A1743,22,4695.06,10257.05,652,employed,1
A1744,55,6416.22,23358.77,499,self-employed,0
A1745,20,6913.4,8131.84,711,self-employed,1
A1746,40,3428.02,11749.17,540,self-employed,0
A1747,54,2337.53,18234.43,755,unemployed,0
A1748,54,1327.59,20483.73,626,student,0
A1749,27,6015.98,13239.23,635,self-employed,1
A1750,27,2793.27,10817.43,606,unemployed,0
A1751,36,694.22,24956.59,629,self-employed,0
A1752,34,5777.16,27172.3,749,self-employed,1
A1753,38,9986.0,21852.01,475,employed,0
A1754,31,4987.86,15597.23,739,employed,1
A1755,26,6676.98,9342.14,673,employed,1
A1756,63,5163.66,9186.89,565,unemployed,0
A1757,18,4802.22,18657.6,574,student,0
A1758,62,6838.15,17928.79,767,student,1
A1759,30,4419.45,24811.19,583,unemployed,0
A1760,21,5534.78,19553.15,569,self-employed,1
A1761,18,5643.4,4478.44,729,unemployed,1
A1762,57,3663.82,22363.63,673,self-employed,0
A1763,49,6984.08,8013.58,584,unemployed,0
A1764,51,4650.08,12312.2,665,unemployed,1
A1765,45,3488.51,16751.4,578,unemployed,0
A1766,48,6073.02,28969.67,727,student,0
A1767,25,3203.06,36769.43,724,employed,0
A1768,56,5056.36,19247.06,687,unemployed,1
A1769,43,4981.76,13717.62,675,student,1
A1770,51,7171.79,18741.54,773,employed,1
A1771,20,5949.4,21213.59,649,employed,1
A1772,29,4949.95,12755.33,567,unemployed,0
A1773,18,6635.53,27566.48,681,self-employed,1
A1774,61,7780.42,16610.5,796,self-employed,1
A1775,22,6115.62,18484.2,578,self-employed,1
A1776,47,5020.71,19661.47,624,unemployed,1
A1777,47,2376.33,17951.11,679,self-employed,1
A1778,34,2869.77,20872.58,646,student,0
A1779,64,4389.55,10679.23,581,student,0
A1780,40,3780.98,11091.89,728,student,0
A1781,32,4626.06,7298.92,812,student,1
A1782,54,5113.3,18076.51,663,employed,1
A1783,38,6059.39,20452.56,586,student,0
A1784,31,4859.0,18204.41,541,self-employed,1
A1785,19,5973.0,26721.45,668,unemployed,0
A1786,28,5128.95,14960.83,727,self-employed,1
A1787,56,1049.07,19681.19,683,student,0
A1788,55,3121.33,7358.09,649,employed,1
A1789,51,4711.82,12290.3,608,student,1
A1790,55,2580.61,19868.76,573,unemployed,0
A1791,51,6199.86,20943.71,708,self-employed,1
A1792,35,8061.5,12942.23,713,unemployed,1
A1793,47,7437.52,14498.81,541,unemployed,0
A1794,32,4573.11,4374.88,761,unemployed,1
A1795,44,7981.45,12500.8,690,self-employed,1
A1796,51,5297.33,21232.68,747,student,0
A1797,55,4325.83,19026.44,556,unemployed,0
A1798,50,3773.19,18504.66,554,self-employed,0
A1799,41,4395.06,15348.42,639,employed,1
A1800,32,4223.65,15049.44,685,self-employed,1
A1801,47,5340.83,10377.75,775,employed,1
A1802,59,5321.15,19891.8,699,self-employed,1
A1803,34,5006.09,17946.81,633,student,1
A1804,22,5873.88,18444.13,578,unemployed,0
A1805,46,7381.29,11317.76,736,student,1
A1806,21,6899.11,-73.4,582,self-employed,1
A1807,27,2030.2,22680.07,763,unemployed,0
A1808,34,-107.84,11648.14,630,employed,1
A1809,27,6868.64,8960.57,761,self-employed,1
A1810,34,2266.24,19854.35,697,unemployed,0
A1811,37,4550.47,12255.91,640,employed,1
A1812,41,2659.77,22419.55,613,employed,0
A1813,22,1396.04,19319.04,626,student,0
A1814,51,6082.93,19784.99,679,self-employed,1
A1815,23,6518.31,5438.31,655,employed,1
A1816,19,3846.98,23483.61,608,unemployed,0
A1817,30,-182.08,16828.75,638,employed,1
A1818,60,3907.51,12415.06,655,employed,1
A1819,60,5783.61,16003.72,500,student,0
A1820,28,2042.18,2566.35,682,student,0
A1821,64,5366.72,17860.57,581,unemployed,0
A1822,40,4969.38,7794.4,569,student,0
A1823,33,6158.58,5531.31,531,employed,1
A1824,48,5239.16,4343.49,524,employed,1
A1825,28,3053.86,22788.82,555,student,0
A1826,33,7393.14,10595.16,600,employed,1
A1827,25,4682.94,25736.09,786,employed,1
A1828,21,4945.39,11249.39,613,unemployed,1
A1829,57,3133.46,3048.49,662,student,0
A1830,21,4113.44,7184.33,678,employed,1
A1831,42,3230.39,23650.68,659,student,0
A1832,20,4654.11,13908.71,644,unemployed,1
A1833,49,8423.42,11161.99,566,student,0
A1834,20,2256.2,16120.13,751,employed,1
A1835,44,1772.88,18512.48,776,student,0
A1836,46,7942.34,22821.79,532,employed,0
A1837,49,4581.35,25139.49,578,employed,0
A1838,36,3661.85,12481.62,630,employed,1
A1839,38,7079.81,5717.67,582,unemployed,0
A1840,22,3788.77,12105.74,685,student,0
A1841,35,8652.02,16821.96,599,unemployed,0
A1842,45,6355.85,8253.69,801,student,1
A1843,59,4024.18,8299.94,733,unemployed,1
A1844,39,9314.62,17406.52,664,self-employed,1
A1845,38,3788.57,14659.43,721,employed,1
A1846,23,6484.19,15229.58,727,employed,1
A1847,18,5598.59,9690.53,610,unemployed,1
A1848,22,7603.48,13387.2,592,self-employed,1
A1849,58,8123.02,8530.37,655,employed,1
A1850,29,5064.01,21231.39,710,student,0
A1851,43,3493.16,22246.75,659,unemployed,0
A1852,63,5919.94,2076.68,539,employed,1
A1853,51,3644.57,8493.42,593,employed,0
A1854,31,9026.77,4524.3,644,unemployed,1
A1855,43,5273.07,10449.83,644,unemployed,1
A1856,62,4269.36,14415.93,788,student,1
A1857,44,5369.36,4852.48,552,student,0
A1858,26,2305.75,8546.98,685,employed,1
A1859,43,3056.77,7972.3,754,employed,1
A1860,64,7400.83,16450.87,809,unemployed,1
A1861,39,3686.21,15485.41,621,employed,1
A1862,64,2906.18,9947.84,684,employed,1
A1863,47,6073.31,16237.75,689,unemployed,1
A1864,60,7371.41,11173.24,663,employed,1
A1865,34,6437.91,13098.41,643,employed,1
A1866,43,6992.1,26714.16,680,self-employed,1
A1867,53,3486.41,24383.23,472,student,0
A1868,18,2156.38,5902.93,697,unemployed,0
A1869,25,8002.67,20808.13,658,self-employed,1
A1870,52,4354.64,20679.78,634,student,0
A1871,32,4498.33,6962.16,793,student,1
A1872,64,7656.39,20731.44,602,student,0
A1873,39,6112.46,25765.52,621,self-employed,1
A1874,31,5911.78,7142.19,789,self-employed,1
A1875,43,9330.0,8577.48,591,student,0
A1876,45,3712.96,22123.63,611,employed,0
A1877,40,6855.68,16900.47,639,employed,1
A1878,31,5114.03,18860.33,708,self-employed,1
A1879,41,5537.18,17384.12,664,self-employed,1
A1880,19,8056.94,17734.87,559,self-employed,1
A1881,62,6015.67,5714.7,612,student,1
A1882,43,6076.59,22331.22,607,employed,1
A1883,31,7145.01,23187.13,644,self-employed,1
A1884,24,4270.09,13394.26,679,self-employed,1
A1885,20,3321.58,14695.66,679,unemployed,0
A1886,64,2910.38,4282.25,525,student,0
A1887,40,1067.29,18599.78,724,unemployed,0
A1888,63,9112.41,19004.4,667,employed,1
A1889,60,2793.58,14564.66,746,unemployed,0
A1890,64,4557.49,22870.47,681,unemployed,0
A1891,62,4446.37,12661.46,727,unemployed,1
A1892,35,5614.81,18952.24,682,student,1
A1893,55,6631.47,7862.35,744,employed,1
A1894,52,6720.95,14835.13,686,unemployed,1
A1895,32,3833.85,13779.52,643,student,0
A1896,42,4665.76,16577.16,809,employed,1
A1897,54,5565.16,12413.31,712,self-employed,1
A1898,45,4502.62,14079.69,690,unemployed,1
A1899,27,8214.69,20782.33,560,employed,0
A1900,56,5981.95,11942.65,559,unemployed,0
A1901,34,6469.76,3753.96,670,self-employed,1
A1902,56,6325.76,27247.09,660,employed,1
A1903,39,7346.95,24670.18,607,student,0
A1904,43,5362.04,5954.16,659,employed,1
A1905,61,2406.34,19827.95,761,student,0
A1906,42,5799.38,11479.18,698,employed,1
A1907,34,3697.29,16844.41,570,student,0
A1908,30,3942.77,17059.57,642,self-employed,1
A1909,37,6172.73,13359.15,593,self-employed,1
A1910,42,7476.57,9513.64,622,self-employed,1
A1911,21,5042.54,10166.21,621,employed,1
A1912,27,5617.67,8586.66,616,self-employed,1
A1913,20,8404.43,9177.24,562,unemployed,0
A1914,58,5481.51,14529.75,641,self-employed,1
A1915,62,10203.37,9989.68,610,student,1
A1916,35,6131.02,19774.36,444,student,0
A1917,64,1478.47,25410.72,793,student,0
A1918,53,6506.68,10939.63,726,employed,1
A1919,64,5762.32,16675.83,623,unemployed,1
A1920,39,7579.51,18497.8,651,self-employed,1
A1921,51,6346.36,18304.02,567,unemployed,0
A1922,64,4723.09,15531.69,768,unemployed,1
A1923,25,2551.4,20198.78,782,student,0
A1924,57,4581.95,18375.74,660,student,1
A1925,61,3298.96,6336.36,721,student,0
A1926,36,3838.95,21084.09,662,employed,0
A1927,59,6177.16,21211.04,556,unemployed,0
A1928,58,8339.81,9657.0,621,unemployed,1
A1929,54,5789.34,15265.56,659,employed,1
A1930,23,2608.23,19783.3,618,employed,1
A1931,43,5889.21,13534.8,634,employed,1
A1932,51,7393.26,22510.85,643,unemployed,0
A1933,62,3780.43,31547.11,644,unemployed,0
A1934,23,4731.97,9498.1,653,student,1
A1935,54,5029.38,5332.69,575,student,0
A1936,50,3430.2,17126.73,599,unemployed,0
A1937,39,6296.56,20050.94,560,student,0
A1938,38,4758.1,13383.94,718,employed,1
A1939,23,5839.06,25172.82,502,self-employed,0
A1940,23,3225.02,5629.76,730,student,0
A1941,21,4125.08,19850.43,747,unemployed,1
A1942,47,6444.76,10758.97,628,student,1
A1943,28,4254.33,27035.65,467,student,0
A1944,47,8453.93,28947.61,624,student,0
A1945,48,4200.73,9633.4,645,self-employed,1
A1946,41,5449.37,11153.1,579,employed,1
A1947,26,6865.18,21017.12,613,unemployed,0
A1948,20,2163.27,12290.09,757,self-employed,1
A1949,48,1478.38,14682.12,696,unemployed,0
A1950,57,1948.69,15177.72,585,unemployed,0
A1951,54,7525.17,1562.29,538,unemployed,0
A1952,53,3896.28,14903.14,627,self-employed,1
A1953,41,10116.4,10171.91,635,employed,1
A1954,48,3871.5,11548.14,684,unemployed,0
A1955,23,5369.1,25105.42,612,employed,1
A1956,19,8084.22,6204.45,685,employed,1
A1957,37,9012.19,20692.44,785,student,0
A1958,45,9123.01,13047.26,707,self-employed,1
A1959,28,7416.73,13041.68,646,self-employed,1
A1960,21,7048.13,20532.6,637,student,0
A1961,32,6185.05,17380.36,625,student,1
A1962,23,6556.72,18994.29,732,employed,1
A1963,47,3897.63,21777.29,606,unemployed,0
A1964,55,3363.6,12680.84,653,self-employed,1
A1965,19,4993.25,10714.34,653,unemployed,1
A1966,32,4659.63,7403.95,614,unemployed,1
A1967,28,4093.54,9222.13,553,student,0
A1968,25,6392.77,35643.66,672,unemployed,0
A1969,43,6910.61,23712.76,645,employed,1
A1970,62,5176.81,5542.48,685,student,1
A1971,61,7955.06,5742.79,612,unemployed,1
A1972,22,2716.62,18373.06,735,student,0
A1973,23,4612.68,18830.85,588,employed,1
A1974,43,3566.36,18842.19,769,employed,1
A1975,21,1266.93,13215.31,527,unemployed,0
A1976,36,4834.64,14121.82,680,student,1
A1977,37,4756.5,17295.16,683,unemployed,1
A1978,50,8026.9,15601.25,594,unemployed,0
A1979,37,6261.62,-535.1,679,student,1
A1980,29,2951.63,13391.4,739,unemployed,0
A1981,64,8708.19,9040.15,494,employed,1
A1982,18,7442.07,16226.48,685,student,1
A1983,43,6164.2,35896.81,475,student,0
A1984,31,4547.03,17572.37,582,student,0
A1985,55,3081.12,12805.29,764,student,0
A1986,54,4255.59,21452.61,609,unemployed,0
A1987,28,7177.5,18378.82,567,unemployed,0
A1988,53,8769.17,17940.66,636,employed,1
A1989,30,8086.49,19247.95,794,self-employed,1
A1990,60,4022.3,29395.8,521,self-employed,0
A1991,20,2760.77,7083.78,576,employed,0
A1992,50,5281.77,18315.42,754,self-employed,1
A1993,23,1463.12,8515.33,780,employed,1
A1994,27,5646.34,18888.59,642,unemployed,1
A1995,22,4704.79,8569.19,563,student,0
A1996,40,4067.93,12078.43,796,student,1
A1997,27,1810.59,12934.37,761,unemployed,0
A1998,61,6027.2,21830.72,697,student,0
A1999,19,3934.6,21429.18,593,student,0
